1;"controls.DefaultButton"
3;"controls.TankInput"
4;"assets.button.button_def_DOWN_CENTER"
5;"assets.button.button_blue_UP_RIGHT"
6;"assets.button.button_blue_DOWN_LEFT"
7;"assets.button.button_def_OVER_CENTER"
8;"assets.button.button_red_DOWN_CENTER"
9;"assets.button.button_blue_DOWN_CENTER"
10;"assets.button.button_def_OVER_LEFT"
11;"assets.button.button_red_UP_CENTER"
12;"assets.button.button_def_DOWN_RIGHT"
13;"assets.button.button_blue_OVER_LEFT"
14;"assets.button.button_def_UP_RIGHT"
15;"assets.button.button_red_OVER_LEFT"
16;"assets.button.button_red_UP_LEFT"
17;"assets.button.button_def_DOWN_LEFT"
18;"assets.button.button_def_OVER_RIGHT"
19;"assets.button.button_blue_OVER_CENTER"
20;"assets.button.button_blue_UP_LEFT"
21;"assets.button.button_def_UP_CENTER"
22;"assets.button.button_red_DOWN_RIGHT"
23;"assets.button.button_red_UP_RIGHT"
24;"assets.button.button_red_OVER_RIGHT"
25;"assets.button.button_red_OVER_CENTER"
26;"assets.button.button_blue_UP_CENTER"
27;"assets.button.button_def_UP_LEFT"
28;"assets.button.button_OFF_CENTER"
29;"assets.button.button_blue_DOWN_RIGHT"
30;"assets.button.button_OFF_LEFT"
31;"assets.button.button_red_DOWN_LEFT"
32;"assets.button.button_OFF_RIGHT"
33;"assets.button.button_blue_OVER_RIGHT"
40;"MainPanelCloseButton"
42;"controls.TankWindow"
57;"assets.icons.InputCheckIcon"
81;"controls.TankCheckBox"
82;"controls.TankWindowInner"
100;"fl.controls.listClasses.CellRenderer"
101;"assets.input.InputRight"
102;"assets.input.InputLeft"
103;"assets.input.InputCenterWrong"
104;"assets.input.InputRightWrong"
105;"assets.input.InputLeftWrong"
106;"assets.input.InputCenter"
107;"assets.resultwindow.bres_BG_BLACKCORNER"
125;"MainPanelSoundButton"
129;"MainPanelConfigButton"
137;"MainPanelBattlesButton"
141;"MainPanelGarageButton"
145;"MainPanelHelpButton"
149;"MainPanelReferalButton"
178;"controls.panel.Indicators"
187;"fl.controls.List"
322;"controls.TankWindowHeader"
325;"assets.window.elemets.WindowTopLeftCorner"
326;"assets.window.bitmaps.WindowTop"
327;"assets.window.bitmaps.WindowLeft"
328;"assets.window.bitmaps.WindowBottom"
331;"assets.window.elemets.WindowTopRightCorner"
332;"assets.window.bitmaps.WindowRight"
333;"assets.window.bitmaps.WindowBGTile"
336;"assets.window.elemets.WindowBottomLeftCorner"
339;"assets.window.elemets.WindowBottomRightCorner"
74;"assets.icons.CheckIcons"
342;"assets.windowinner.elemets.WindowInnerBottomLeftCorner"
343;"assets.windowinner.bitmaps.WindowInnerBottom"
346;"assets.windowinner.elemets.WindowInnerTopRightCorner"
353;"assets.windowinner.elemets.WindowInnerBlink"
354;"assets.windowinner.bitmaps.combo_BG"
357;"assets.windowinner.elemets.WindowInnerBottomRightCorner"
358;"assets.windowinner.bitmaps.WindowInnerRight"
361;"assets.windowinner.elemets.WindowInnerTopLeftCorner"
362;"assets.windowinner.bitmaps.WindowInnerLeft"
363;"assets.windowinner.bitmaps.WindowInnerBGTile"
364;"assets.windowinner.bitmaps.WindowInnerTop"
389;"assets.icons.GarageItemBackground"
163;"assets.Diamond"
396;"assets.icons.IconGarageMod"
399;"ScrollArrowDownGreen"
400;"assets.scroller.color.ScrollThumbSkinGreen"
406;"fl.containers.ScrollPane"
407;"assets.scroller.color.ScrollTrackGreen"
409;"ScrollArrowUpGreen"
94;"assets.cellrenderer.battlelist.PadlockIcon"
84;"fl.core.ComponentShim"
410;"assets.cellrenderer.battlelist.CellNormalUp"
86;"assets.cellrenderer.battlelist.CellRenderer_downSkin"
411;"assets.cellrenderer.battlelist.CellOffSelected"
97;"assets.cellrenderer.battlelist.CellRenderer_disabledSelectedUpSkin"
98;"assets.cellrenderer.battlelist.CellRenderer_disabledSelectedOverSkin"
87;"assets.cellrenderer.battlelist.CellRenderer_overSkin"
412;"assets.cellrenderer.battlelist.CellOffUp"
95;"assets.cellrenderer.battlelist.CellRenderer_disabledOverSkin"
85;"assets.cellrenderer.battlelist.CellRenderer_disabledUpSkin"
99;"assets.cellrenderer.battlelist.CellRenderer_disabledSelectedDownSkin"
413;"assets.cellrenderer.battlelist.CellNormalSelected"
89;"assets.cellrenderer.battlelist.CellRenderer_selectedDownSkin"
83;"assets.cellrenderer.battlelist.CellRenderer_upSkin"
90;"assets.cellrenderer.battlelist.CellRenderer_selectedOverSkin"
91;"assets.cellrenderer.battlelist.CellRenderer_selectedUpSkin"
88;"assets.cellrenderer.battlelist.CellRenderer_selectedDisabledSkin"
96;"assets.cellrenderer.battlelist.CellRenderer_disabledDownSkin"
421;"assets.cellrenderer.battlelist.PaydIcon"
448;"controls.InventoryIcon"
186;"fl.controls.ScrollBar"
461;"assets.cellrenderer.battlelist.Abris"
476;"assets.icons.BattleInfoIcons"
477;"assets.icons.play_icons_ALL"
480;"ScrollArrowUpBlue"
481;"assets.scroller.color.ScrollThumbSkinBlue"
482;"assets.scroller.color.ScrollTrackRed"
483;"assets.icons.play_icons_BLUE"
484;"assets.scroller.color.ScrollThumbSkinRed"
485;"assets.scroller.color.ScrollTrackBlue"
488;"ScrollArrowUpRed"
490;"ScrollArrowDownRed"
492;"ScrollArrowDownBlue"
493;"assets.icons.play_icons_RED"
109;"assets.button.button_def_ACTIVE_CENTER"
110;"assets.button.button_def_ACTIVE_RIGHT"
108;"assets.button.button_def_ACTIVE_LEFT"
177;"MainPanelChangeButton"
185;"ScrollTrack_skin"
494;"assets.slider.slider_THUMB_CENTER"
495;"assets.slider.slider_THUMB_LEFT"
496;"assets.slider.slider_THUMB_RIGHT"
497;"assets.slider.slider_TRACK_LEFT"
498;"assets.slider.slider_TRACK_RIGHT"
499;"assets.slider.slider_TRACK_CENTER"
502;"fl.controls.TileList"
509;"controls.StepperButton"
510;"assets.scroller.ThumbMiddle"
511;"assets.scroller.ThumbTop"
512;"assets.scroller.ThumbTopGreen"
513;"assets.scroller.ThumbMiddleGreen"
405;"ScrollPane_upSkin"
404;"ScrollPane_disabledSkin"
514;"assets.scroller.TrackPNG"
515;"assets.scroller.TrackGreen"
516;"fl.controls.Button"
517;"assets.cellrenderer.battlelist.cell_normal_UP_CENTER"
518;"assets.cellrenderer.battlelist.cell_normal_UP_RIGHT"
519;"assets.cellrenderer.battlelist.cell_normal_UP_LEFT"
520;"assets.cellrenderer.battlelist.cell_off_SELECTED_CENTER"
521;"assets.cellrenderer.battlelist.cell_off_SELECTED_LEFT"
522;"assets.cellrenderer.battlelist.cell_off_SELECTED_RIGHT"
523;"assets.cellrenderer.battlelist.cell_off_UP_RIGHT"
524;"assets.cellrenderer.battlelist.cell_off_UP_LEFT"
525;"assets.cellrenderer.battlelist.cell_off_UP_CENTER"
526;"assets.cellrenderer.battlelist.cell_normal_SELECTED_LEFT"
527;"assets.cellrenderer.battlelist.cell_normal_SELECTED_RIGHT"
528;"assets.cellrenderer.battlelist.cell_normal_SELECTED_CENTER"
529;"assets.resultwindow.bres_BG_GRAY_PIXEL"
530;"assets.resultwindow.bres_BG_GRAY_TL"
533;"assets.IconAlarm"
534;"assets.resultwindow.bres_NORMAL_BLUE_TL"
535;"assets.resultwindow.bres_NORMAL_BLUE_PIXEL"
536;"assets.resultwindow.bres_SELECTED_BLUE_TL"
537;"assets.resultwindow.bres_SELECTED_BLUE_PIXEL"
538;"assets.resultwindow.bres_NORMAL_RED_PIXEL"
539;"assets.resultwindow.bres_NORMAL_RED_TL"
540;"assets.resultwindow.bres_SELECTED_RED_TL"
541;"assets.resultwindow.bres_SELECTED_RED_PIXEL"
542;"assets.resultwindow.bres_SELECTED_GREEN_PIXEL"
543;"assets.resultwindow.bres_SELECTED_GREEN_TL"
544;"assets.resultwindow.bres_NORMAL_GREEN_PIXEL"
545;"assets.resultwindow.bres_NORMAL_GREEN_TL"
546;"assets.resultwindow.bres_BG_BLUE_PIXEL"
547;"assets.resultwindow.bres_BG_BLUE_TL"
548;"assets.resultwindow.bres_BG_RED_PIXEL"
549;"assets.resultwindow.bres_BG_RED_TL"
550;"assets.resultwindow.bres_BG_GREEN_TL"
551;"assets.resultwindow.bres_BG_GREEN_PIXEL"
552;"assets.resultwindow.bres_HEADER_RED_PIXEL"
553;"assets.resultwindow.bres_HEADER_RED_TL"
554;"assets.resultwindow.bres_HEADER_GREEN_PIXEL"
555;"assets.resultwindow.bres_HEADER_GREEN_TL"
556;"assets.resultwindow.bres_HEADER_BLUE_PIXEL"
557;"assets.resultwindow.bres_HEADER_BLUE_TL"
574;"fl.controls.UIScrollBar"
575;"assets.cellrenderer.battlelist.CellBlue"
576;"assets.cellrenderer.battlelist.CellRed"
577;"assets.scroller.ThumbTopBlue"
578;"assets.scroller.ThumbMiddleBlue"
579;"assets.scroller.TrackRed"
580;"assets.scroller.ThumbMiddleRed"
581;"assets.scroller.ThumbTopRed"
582;"assets.scroller.TrackBlue"
583;"assets.combo.combolist_OVER_RIGHT"
584;"assets.combo.combolist_OVER_CENTER"
585;"assets.combo.combolist_OVER_LEFT"
586;"assets.combo.combo_UP_CENTER"
587;"assets.combo.combo_UP_LEFT"
588;"assets.combo.combo_UP_RIGHT"
589;"assets.combo.combo_OFF_CENTER"
590;"assets.combo.combo_OFF_RIGHT"
591;"assets.combo.combo_OFF_LEFT"
592;"assets.combo.combo_OVER_CENTER"
593;"assets.combo.combo_OVER_RIGHT"
594;"assets.combo.combo_OVER_LEFT"
595;"assets.combo.combo_DOWN_RIGHT"
596;"assets.combo.combo_DOWN_CENTER"
597;"assets.combo.combo_DOWN_LEFT"
598;"assets.button.bigbutton_OVER_LEFT"
599;"assets.button.bigbutton_OVER_RIGHT"
600;"assets.button.bigbutton_UP_RIGHT"
601;"assets.button.bigbutton_OFF_CENTER"
602;"assets.button.bigbutton_OFF_LEFT"
603;"assets.button.bigbutton_OVER_CENTER"
604;"assets.icons.icon_SHORTAGE_ENERGY"
605;"assets.button.bigbutton_OFF_RIGHT"
606;"assets.button.bigbutton_UP_LEFT"
607;"assets.button.bigbutton_DOWN_LEFT"
608;"assets.button.bigbutton_UP_CENTER"
609;"assets.button.bigbutton_DOWN_RIGHT"
610;"assets.button.bigbutton_DOWN_CENTER"
611;"assets.stat.hall_ARROW"
612;"assets.stat.hall_HEADER"
613;"assets.resultwindow.items_mini_LEFT"
614;"assets.resultwindow.items_mini_CENTER"
615;"assets.resultwindow.items_mini_RIGHT"
568;"ScrollThumb_upSkin"
571;"ScrollArrowUp_disabledSkin"
564;"ScrollArrowDown_overSkin"
570;"ScrollArrowDown_disabledSkin"
567;"ScrollArrowUp_upSkin"
573;"ScrollBar_thumbIcon"
563;"ScrollThumb_downSkin"
560;"ScrollArrowUp_downSkin"
565;"ScrollThumb_overSkin"
566;"ScrollArrowUp_overSkin"
569;"ScrollArrowDown_upSkin"
562;"ScrollArrowDown_downSkin"
616;"assets.cellrenderer.battlelist.cell_BLUE_LEFT"
617;"assets.cellrenderer.battlelist.cell_BLUE_CENTER"
618;"assets.cellrenderer.battlelist.cell_BLUE_RIGHT"
619;"assets.cellrenderer.battlelist.cell_RED_CENTER"
620;"assets.cellrenderer.battlelist.cell_RED_RIGHT"
621;"assets.cellrenderer.battlelist.cell_RED_LEFT"
622;"assets.stat.hall_NORMAL"
623;"assets.stat.hall_SELECTED_ACTIVE"
624;"assets.stat.hall_NORMAL_ACTIVE"
679;"controls.rangicons.RangIconSmall"
680;"assets.stat.hall_SELECTED"
681;"fl.containers.UILoader"
480;"ScrollArrowUpBlue"
682;"alternativa.tanks.gui.Fipagoqe"
683;"obfuscation.dup.Daryjopo"
684;"controls.base.TankInput_rightWrongClass"
597;"assets.combo.combo_DOWN_LEFT"
607;"assets.button.bigbutton_DOWN_LEFT"
685;"alternativa.tanks.gui.ItemInfoPanelBitmaps_bitmapVampireResistance"
686;"titanomachina.headers.Headers_linkingRuHeaderClass"
687;"alternativa.tanks.models.battle.gui.gui.statistics.field.score.ctf.Gyfybumoq"
688;"alternativa.tanks.view.battlelist.friends.FriendsIndicator_friendsGreenClass"
689;"titanomachina.headers.Headers_informationEnHeaderClass"
690;"alternativa.tanks.gui.ItemInfoPanelBitmaps_bitmapMechResistance"
691;"controls.scroller.blue.ScrollSkinBlue_track"
575;"assets.cellrenderer.battlelist.CellBlue"
187;"fl.controls.List"
107;"assets.resultwindow.bres_BG_BLACKCORNER"
692;"alternativa.tanks.models.battle.gui.inventory.HudInventoryIcon_overdriveIconClass"
693;"obfuscation.kolut.Qanetana"
554;"assets.resultwindow.bres_HEADER_GREEN_PIXEL"
694;"alternativa.tanks.gui.icons.CrystalIcon_bitmapCrystal"
695;"alternativa.tanks.gui.friends.FriendStateButton_ButtonDownLeft"
617;"assets.cellrenderer.battlelist.cell_BLUE_CENTER"
696;"alternativa.tanks.gui.category.ItemCategoryButton_kitIconClass"
697;"alternativa.tanks.models.battle.gui.gui.statistics.field.score.ctf.Kov"
698;"alternativa.tanks.gui.ItemInfoPanelBitmaps_bitmapRailResistance"
699;"obfuscation.dup.Gycozuh"
700;"obfuscation.jiw.Gydofot"
701;"alternativa.tanks.gui.Vykel"
702;"alternativa.tanks.display.usertitle.ProgressBarSkin_weaponLeftCls"
703;"alternativa.tanks.display.usertitle.ProgressBarSkin_hpLeftBgRedCls"
704;"alternativa.tanks.models.battle.gui.inventory.HudInventoryIcon_firstAidColorIconClass"
535;"assets.resultwindow.bres_NORMAL_BLUE_PIXEL"
705;"obfuscation.meruninu.Kaqafaz"
706;"forms.stat.ReferralWindowBigButton_bitmapGreen"
707;"alternativa.tanks.models.battle.gui.inventory.HudInventoryIcon_nitroWhiteIconClass"
708;"obfuscation.meruninu.Goc"
709;"alternativa.tanks.gui.communication.button.TabIcons_clanChatIconClass"
566;"ScrollArrowUp_overSkin"
710;"alternativa.tanks.gui.panel.buttons.MainPanelOrangeWideButton_buttonNormal"
711;"forms.userlabel.ChatUserLabel_bronzeStatusIconClass"
712;"alternativa.tanks.gui.ItemInfoPanelBitmaps_shaftResistanceClass"
713;"alternativa.tanks.locale.ru.Image_newsHeader"
714;"alternativa.tanks.models.battle.gui.inventory.HudInventoryIcon_damageColorIconClass"
715;"alternativa.tanks.loader.LoaderTips_coldload1"
716;"alternativa.tanks.loader.LoaderTips_coldload2"
717;"controls.windowinner.WindowInner_bottomRightClass"
718;"alternativa.tanks.loader.LoaderTips_coldload3"
719;"alternativa.tanks.loader.LoaderTips_coldload4"
178;"controls.panel.Indicators"
720;"controls.buttons.h50px.GreyBigButtonSkin_middleDownClass"
721;"alternativa.tanks.loader.LoaderTips_coldload9"
722;"alternativa.tanks.model.lootboxes.LootBoxOpenDialog_BgThreeOpen"
580;"assets.scroller.ThumbMiddleRed"
723;"alternativa.tanks.loader.LoaderWindow_WindowAlpha"
724;"controls.scroller.green.ScrollSkinGreen_trackTop"
725;"alternativa.tanks.loader.LoaderTips_coldload5"
726;"alternativa.tanks.models.battle.gui.inventory.HudInventoryIcon_mineColorIconClass"
727;"alternativa.tanks.loader.LoaderTips_coldload6"
728;"alternativa.tanks.loader.LoaderTips_coldload7"
729;"alternativa.tanks.loader.LoaderTips_coldload8"
730;"alternativa.tanks.gui.ItemInfoPanelBitmaps_bitmapArmor"
731;"controls.chat.BattleChatInput_bitmapBL"
732;"controls.base.TankInput_centerWrongClass"
733;"alternativa.tanks.gui.ItemInfoPanelBitmaps_shaftDamageClass"
734;"alternativa.tanks.gui.friends.FriendStateButton_ButtonRight"
564;"ScrollArrowDown_overSkin"
363;"assets.windowinner.bitmaps.WindowInnerBGTile"
163;"assets.Diamond"
523;"assets.cellrenderer.battlelist.cell_off_UP_RIGHT"
735;"controls.chat.BattleChatInput_bitmapBC"
736;"alternativa.tanks.models.battle.gui.inventory.HudInventoryIcon_mineWhiteIconClass"
587;"assets.combo.combo_UP_LEFT"
737;"alternativa.tanks.gui.ItemInfoPanelBitmaps_bitmapRange"
9;"assets.button.button_blue_DOWN_CENTER"
738;"alternativa.tanks.models.battle.gui.inventory.HudInventoryIcon_goldGrayIconClass"
739;"alternativa.tanks.model.lootboxes.LootBoxOpenDialog_BgOneOpen"
740;"alternativa.tanks.bg.BackgroundService_bitmapBg"
741;"alternativa.tanks.view.battlelist.battleitem.renderer.normal.CellNormalSelected_normalLeft"
742;"alternativa.tanks.model.shop.items.newkit.NewKitPackageDefItemIcons_containerIconClass"
568;"ScrollThumb_upSkin"
743;"controls.buttons.h50px.GreyBigButtonSkin_leftOverClass"
744;"alternativa.tanks.models.battle.gui.gui.statistics.messages.KillMessageOutputLine_devastationIconClass"
592;"assets.combo.combo_OVER_CENTER"
745;"alternativa.tanks.gui.Fategika"
746;"alternativa.tanks.model.shop.items.base.NewbieKitPackageNormal"
747;"obfuscation.jynere.Nebyvozu"
748;"alternativa.tanks.model.shop.items.crystallitem.CrystalPackageItemIcons_crystalsPackage3Class"
358;"assets.windowinner.bitmaps.WindowInnerRight"
749;"alternativa.tanks.view.battlelist.BattleModeIcons_tdmIconClass"
750;"titanomachina.headers.Headers_informationRuHeaderClass"
481;"assets.scroller.color.ScrollThumbSkinBlue"
751;"alternativa.tanks.gui.icons.Gyqyl"
752;"alternativa.tanks.locale.ru.Image_helpControlsMini"
753;"projects.tanks.client.battlefield.models.bonus.battle.bonusregions.BonusRegionResource_damageTextureClass"
754;"controls.scroller.green.ScrollSkinGreen_track"
755;"alternativa.tanks.gui.buttons.color.GoldBigButtonSkin_middleDownClass"
756;"alternativa.tanks.gui.ItemInfoPanelBitmaps_bitmapArmorWear"
555;"assets.resultwindow.bres_HEADER_GREEN_TL"
757;"resources.windowheaders.background.BackgroundHeader_longBackgroundHeaderClass"
758;"controls.scroller.red.ScrollSkinRed_track"
759;"titanomachina.headers.Headers_linkingEnHeaderClass"
760;"titanomachina.headers.Headers_bugReportRuHeaderClass"
761;"controls.friends.RequestCountIndicator_rightIconClass"
762;"controls.chat.BattleChatInput_bitmapBR"
763;"alternativa.tanks.locale.ru.Image_bitmapReferalHeader"
764;"alternativa.tanks.gui.ItemInfoPanelBitmaps_bitmapUpgradeTableCenter"
765;"alternativa.tanks.models.battle.gui.inventory.HudInventoryIcon_damageWhiteIconClass"
681;"fl.containers.UILoader"
610;"assets.button.bigbutton_DOWN_CENTER"
766;"alternativa.tanks.model.shop.items.base.RedShopItemSkin_normalStateClass"
767;"alternativa.tanks.model.shop.items.golditem.GoldPackageItemIcons_goldIconClass"
768;"alternativa.tanks.gui.ItemInfoPanelBitmaps_bitmapSpread"
339;"assets.window.elemets.WindowBottomRightCorner"
769;"controls.dropdownlist.DropDownButton_buttonClass"
563;"ScrollThumb_downSkin"
770;"alternativa.tanks.gui.communication.button.TabIcons_chatIconClass"
771;"alternativa.tanks.display.usertitle.ProgressBarSkin_weaponRightCls"
772;"alternativa.tanks.gui.panel.buttons.MainPanelOrangeWideButton_buttonOver"
773;"alternativa.tanks.gui.buttons.color.GoldBigButtonSkin_rightDownClass"
28;"assets.button.button_OFF_CENTER"
102;"assets.input.InputLeft"
774;"obfuscation.dup.Posore"
775;"alternativa.tanks.model.lootboxes.LootBoxOpenDialog_Blick"
776;"forms.ranks.PremiumRankBitmaps_bitmapSmallRank22"
777;"forms.ranks.PremiumRankBitmaps_bitmapSmallRank23"
778;"forms.ranks.PremiumRankBitmaps_bitmapSmallRank24"
779;"forms.ranks.PremiumRankBitmaps_bitmapSmallRank25"
780;"titanomachina.headers.Headers_premiumAccountRuHeaderClass"
781;"forms.ranks.PremiumRankBitmaps_bitmapSmallRank20"
782;"forms.ranks.PremiumRankBitmaps_bitmapSmallRank21"
783;"assets.windowinner.bitmaps.WindowComboBG"
784;"alternativa.tanks.models.battle.gui.gui.statistics.field.score.ctf.Gulezubi"
785;"alternativa.tanks.display.usertitle.ProgressBarSkin_barShadowLeftCls"
612;"assets.stat.hall_HEADER"
7;"assets.button.button_def_OVER_CENTER"
786;"alternativa.tanks.gui.icons.Mupogely"
787;"projects.tanks.client.battlefield.models.bonus.battle.bonusregions.BonusRegionResource_nitroTextureClass"
579;"assets.scroller.TrackRed"
788;"obfuscation.deb.Qebuquko"
789;"forms.ranks.PremiumRankBitmaps_bitmapSmallRank26"
790;"forms.ranks.PremiumRankBitmaps_bitmapSmallRank27"
791;"titanomachina.headers.Headers_createBattleRuHeaderClass"
792;"forms.ranks.PremiumRankBitmaps_bitmapSmallRank28"
793;"forms.ranks.PremiumRankBitmaps_bitmapSmallRank29"
794;"forms.ranks.PremiumRankBitmaps_bitmapSmallRank11"
795;"forms.ranks.PremiumRankBitmaps_bitmapSmallRank12"
796;"forms.ranks.PremiumRankBitmaps_bitmapSmallRank13"
797;"alternativa.tanks.gui.ItemInfoPanelBitmaps_bitmapPropertiesLeft"
798;"forms.ranks.PremiumRankBitmaps_bitmapSmallRank14"
536;"assets.resultwindow.bres_SELECTED_BLUE_TL"
799;"alternativa.tanks.model.shop.items.newkitty.NewKittyPackageLigItemIcons_containerIconClass"
800;"titanomachina.headers.Headers_friendsRuHeaderClass"
801;"forms.ranks.PremiumRankBitmaps_bitmapSmallRank10"
802;"controls.buttons.h30px.GreenMediumButtonSkin_leftDownClass"
803;"alternativa.tanks.gui.buttons.color.GoldBigButtonSkin_leftUpClass"
804;"alternativa.tanks.view.battlelist.battleitem.renderer.full.CellRendererFullUpSelected_cellFullRight"
805;"controls.cellrenderer.CellNormalSelected_normalLeft"
806;"alternativa.tanks.gui.NewReferalWindow_bitmapIntroPict"
807;"alternativa.tanks.gui.ItemInfoPanelBitmaps_bitmapPropertiesCenter"
808;"alternativa.tanks.models.battle.gui.gui.statistics.messages.KillMessageOutputLine_firebirdIconClass"
809;"alternativa.tanks.gui.ItemInfoPanelBitmaps_bitmapPlasmaResistance"
810;"alternativa.tanks.gui.ItemInfoPanelBitmaps_bitmapFreezeResistance"
811;"forms.ranks.PremiumRankBitmaps_bitmapSmallRank19"
812;"obfuscation.vylurof.Suwipila"
813;"titanomachina.headers.Headers_changeEmailEnHeaderClass"
814;"forms.ranks.PremiumRankBitmaps_bitmapSmallRank15"
815;"forms.ranks.PremiumRankBitmaps_bitmapSmallRank16"
816;"forms.ranks.PremiumRankBitmaps_bitmapSmallRank17"
817;"forms.ranks.PremiumRankBitmaps_bitmapSmallRank18"
818;"controls.GoogleButton_releaseBitmapGoogle"
819;"forms.ranks.PremiumRankBitmaps_bitmapSmallRank01"
820;"forms.ranks.PremiumRankBitmaps_bitmapSmallRank02"
821;"forms.ranks.PremiumRankBitmaps_bitmapSmallRank03"
822;"alternativa.tanks.models.tank.ultimate.UltimateEffectModel_overClass"
823;"controls.base.TankInput_leftClass"
824;"alternativa.tanks.loader.stylishdishonestprogressbar.StylishDishonestProgressBar_progressLineClass"
825;"controls.base.TankInput_rightClass"
826;"titanomachina.headers.Headers_attentionEnHeaderClass"
827;"obfuscation.vylurof.Pysywo"
828;"forms.ranks.PremiumRankBitmaps_bitmapSmallRank08"
829;"forms.ranks.PremiumRankBitmaps_bitmapSmallRank09"
830;"forms.ranks.PremiumRankBitmaps_bitmapSmallRank04"
831;"forms.ranks.PremiumRankBitmaps_bitmapSmallRank05"
832;"forms.ranks.PremiumRankBitmaps_bitmapSmallRank06"
833;"forms.ranks.PremiumRankBitmaps_bitmapSmallRank07"
834;"alternativa.tanks.model.shop.items.newkitty.NewKittyPackageDefItemIcons_containerIconClass"
42;"controls.TankWindow"
835;"alternativa.tanks.models.battle.gui.inventory.HudInventoryIcon_ultimateBgdClass"
836;"titanomachina.headers.Headers_changeEmailRuHeaderClass"
837;"controls.buttons.h30px.GreenMediumButtonSkin_leftOverClass"
838;"alternativa.tanks.gui.ItemInfoPanelBitmaps_minDamagePercentClass"
839;"controls.cellrenderer.CellNormal_normalLeft"
840;"alternativa.tanks.gui.servers.ServerBusynessControl_leftEmptyClass"
841;"alternativa.tanks.models.battle.gui.inventory.HudInventoryIcon_damageBgdClass"
842;"obfuscation.tyf.Nabik"
843;"alternativa.tanks.models.battle.gui.inventory.HudInventoryIcon_goldBgdClass"
517;"assets.cellrenderer.battlelist.cell_normal_UP_CENTER"
844;"forms.premium.PremiumItemLock_premiumItemLockClass"
845;"alternativa.tanks.gui.device.DeviceButton_iconAvailableClass"
846;"controls.cellrenderer.CellNormalSelected_normalRight"
847;"obfuscation.vylurof.Jymap"
848;"alternativa.tanks.model.shop.items.crystallitem.CrystalPackageItemIcons_crystalsPackage5Class"
849;"alternativa.tanks.gui.friends.list.renderer.FriendsAcceptedListRenderer_gradientGreyIconClass"
850;"controls.checkbox.Voj"
530;"assets.resultwindow.bres_BG_GRAY_TL"
851;"alternativa.tanks.gui.ItemInfoPanelBitmaps_bitmapResource"
852;"obfuscation.jiw.Bezuqy"
853;"alternativa.tanks.view.battlelist.battleitem.renderer.full.CellRendererFullUpSelected_cellFullCenter"
87;"assets.cellrenderer.battlelist.CellRenderer_overSkin"
854;"alternativa.tanks.models.battle.gui.gui.statistics.messages.KillMessageOutputLine_smokyIconClass"
33;"assets.button.button_blue_OVER_RIGHT"
855;"titanomachina.headers.Headers_welcomeBackRuHeaderClass"
410;"assets.cellrenderer.battlelist.CellNormalUp"
588;"assets.combo.combo_UP_RIGHT"
552;"assets.resultwindow.bres_HEADER_RED_PIXEL"
589;"assets.combo.combo_OFF_CENTER"
856;"alternativa.tanks.gui.ItemInfoPanelBitmaps_piercingCoeffClass"
581;"assets.scroller.ThumbTopRed"
599;"assets.button.bigbutton_OVER_RIGHT"
857;"controls.buttons.H50ButtonSkin_rightClass"
858;"titanomachina.headers.Headers_inviteAFriendRuHeaderClass"
859;"titanomachina.headers.Headers_createBattleEnHeaderClass"
860;"titanomachina.headers.Headers_missionsRuHeaderClass"
861;"obfuscation.tyf.Nynudazyt"
862;"alternativa.tanks.model.lootboxes.LootBoxOpenDialog_BgFiveOpen"
863;"controls.friends.RequestCountIndicator_leftIconClass"
515;"assets.scroller.TrackGreen"
864;"alternativa.tanks.loader.LoaderWindow2_backFade"
332;"assets.window.bitmaps.WindowRight"
680;"assets.stat.hall_SELECTED"
865;"titanomachina.headers.Headers_premiumAccountEnHeaderClass"
326;"assets.window.bitmaps.WindowTop"
866;"forms.ranks.PremiumRankBitmaps_bitmapSmallRank30"
867;"forms.ranks.PremiumRankBitmaps_bitmapSmallRank31"
868;"projects.tanks.client.battlefield.models.bonus.battle.bonusregions.BonusRegionResource_armorTextureClass"
869;"alternativa.tanks.gui.servers.ServerBusynessControl_redLeftClass"
870;"alternativa.tanks.gui.notinclan.dialogs.ClanLicenseDialog_licenseImageClass"
871;"controls.buttons.H50ButtonSkin_leftClass"
872;"obfuscation.jynere.Pusyca"
873;"titanomachina.headers.Headers_attentionRuHeaderClass"
874;"alternativa.tanks.models.battle.gui.inventory.HudInventoryIcon_nitroBgdClass"
875;"alternativa.tanks.model.lootboxes.LootBoxOpenDialog_BgThreeClosed"
623;"assets.stat.hall_SELECTED_ACTIVE"
876;"alternativa.tanks.model.shop.items.crystallitem.CrystalPackageItemIcons_crystalBlueClass"
877;"titanomachina.headers.Headers_friendsEnHeaderClass"
878;"controls.dropdownlist.DropDownButton_buttonUpClass"
879;"controls.buttons.h50px.GreyBigButtonSkin_rightUpClass"
880;"controls.cellrenderer.CellNormalSelected_normalCenter"
881;"alternativa.tanks.display.usertitle.EffectIndicator_iconHealthCls"
546;"assets.resultwindow.bres_BG_BLUE_PIXEL"
4;"assets.button.button_def_DOWN_CENTER"
882;"alternativa.tanks.gui.panel.buttons.FriendsButton_SHOW_FRIENDS_BITMAP"
883;"alternativa.tanks.models.battle.gui.inventory.HudInventoryIcon_mineBgdClass"
884;"alternativa.tanks.loader.LoaderTips_coldload12"
885;"alternativa.tanks.loader.LoaderTips_coldload13"
886;"alternativa.tanks.loader.LoaderTips_coldload10"
887;"alternativa.tanks.models.battle.gui.gui.statistics.messages.KillMessageOutputLine_thunderIconClass"
888;"obfuscation.vylurof.Wiletyniw"
889;"alternativa.tanks.loader.LoaderTips_coldload11"
890;"alternativa.tanks.loader.LoaderTips_coldload16"
891;"alternativa.tanks.loader.LoaderTips_coldload17"
892;"alternativa.tanks.loader.LoaderTips_coldload14"
893;"alternativa.tanks.loader.LoaderTips_coldloadEN1"
894;"alternativa.tanks.gui.friends.list.renderer.background.FriendOfflineCellSelected_centerIconClass"
895;"alternativa.tanks.loader.LoaderTips_coldload15"
98;"assets.cellrenderer.battlelist.CellRenderer_disabledSelectedOverSkin"
896;"titanomachina.headers.Headers_paymentEnHeaderClass"
897;"alternativa.tanks.loader.LoaderTips_coldloadEN3"
553;"assets.resultwindow.bres_HEADER_RED_TL"
898;"alternativa.tanks.loader.LoaderTips_coldloadEN2"
899;"alternativa.tanks.loader.LoaderTips_coldload18"
900;"alternativa.tanks.loader.LoaderTips_coldloadEN5"
901;"alternativa.tanks.loader.LoaderTips_coldload19"
902;"alternativa.tanks.loader.LoaderTips_coldloadEN4"
141;"MainPanelGarageButton"
406;"fl.containers.ScrollPane"
903;"titanomachina.headers.Headers_inviteAFriendEnHeaderClass"
569;"ScrollArrowDown_upSkin"
904;"alternativa.tanks.gui.UpgradeIndicator_m3Class"
905;"alternativa.tanks.gui.category.ItemCategoryButton_discountIconClass"
906;"alternativa.tanks.gui.premiumaccount.PremiumAccountIcons_premiumIconForPanelButtonClass"
907;"alternativa.tanks.loader.LoaderWindow2_bg"
520;"assets.cellrenderer.battlelist.cell_off_SELECTED_CENTER"
908;"alternativa.tanks.model.shop.items.golditem.GoldPackageItemIcons_goldPackage2Class"
909;"alternativa.tanks.display.usertitle.EffectIndicator_iconArmorCls"
336;"assets.window.elemets.WindowBottomLeftCorner"
421;"assets.cellrenderer.battlelist.PaydIcon"
910;"obfuscation.dup.Nurupazo"
911;"titanomachina.headers.Headers_registerEnHeaderClass"
912;"alternativa.tanks.gui.ItemInfoPanelBitmaps_bitmapHealRate"
913;"obfuscation.vylurof.Symijez"
583;"assets.combo.combolist_OVER_RIGHT"
914;"obfuscation.dup.Doqocudo"
915;"alternativa.tanks.models.battle.gui.inventory.HudInventoryIcon_goldWhiteIconClass"
916;"obfuscation.coh.DailyQuestItemViewBitmaps_NO_QUESTS_BITMAP"
595;"assets.combo.combo_DOWN_RIGHT"
917;"controls.caprefbutton.CapRefButton_bitmapBG"
918;"alternativa.tanks.gui.panel.buttons.ShopBarButton_shopCrystals"
919;"alternativa.tanks.gui.friends.FriendStateButton_ButtonDownRight"
920;"alternativa.tanks.models.battle.battlefield.ViewportBorder_bmpClassBorderRight"
921;"obfuscation.sepalim.Niv"
922;"alternativa.tanks.gui.servers.ServersDropDownList_comboButtonOverClass"
923;"controls.base.TankInput_leftWrondClass"
518;"assets.cellrenderer.battlelist.cell_normal_UP_RIGHT"
924;"alternativa.tanks.model.lootboxes.LootBoxOpenDialog_BgFiveLight"
925;"alternativa.tanks.view.battlelist.battleitem.renderer.normal.CellNormalSelected_normalCenter"
926;"alternativa.tanks.locale.ru.Image_friendsHeader"
29;"assets.button.button_blue_DOWN_RIGHT"
927;"titanomachina.headers.Headers_congratulationsEnHeaderClass"
928;"titanomachina.headers.Headers_changePasswordEnHeaderClass"
929;"alternativa.tanks.display.usertitle.ProgressBarSkin_hpLeftDmCls"
930;"titanomachina.headers.Headers_upgradeRuHeaderClass"
931;"alternativa.tanks.model.shop.items.lootboxitem.LootBoxPackageItemIcons_lootboxIconClass"
932;"controls.scroller.red.ScrollSkinRed_thumbMiddle"
933;"obfuscation.dup.Jywalaky"
934;"controls.scroller.gray.ScrollSkinGray_trackBottom"
89;"assets.cellrenderer.battlelist.CellRenderer_selectedDownSkin"
935;"projects.tanks.client.battlefield.models.bonus.battle.bonusregions.BonusRegionResource_healthTextureClass"
936;"alternativa.tanks.gui.ItemInfoPanelBitmaps_bitmapSpeed"
937;"controls.windowinner.WindowInner_topRightClass"
938;"obfuscation.coh.Dotugymi"
939;"alternativa.tanks.gui.buycrystals.BuyCrystalsAlert_bitmapClass"
940;"obfuscation.meruninu.Logobiwim"
604;"assets.icons.icon_SHORTAGE_ENERGY"
941;"alternativa.tanks.gui.device.list.DeviceBorder_centerClass"
942;"alternativa.tanks.model.shop.items.premuimitem.PremiumPackageItemIcons_premiumIconClass"
585;"assets.combo.combolist_OVER_LEFT"
943;"alternativa.tanks.locale.en.Image_giftWindow"
3;"controls.TankInput"
584;"assets.combo.combolist_OVER_CENTER"
19;"assets.button.button_blue_OVER_CENTER"
494;"assets.slider.slider_THUMB_CENTER"
944;"titanomachina.headers.Headers_paymentRuHeaderClass"
945;"alternativa.tanks.display.usertitle.ProgressBarSkin_hpLeftBlueCls"
484;"assets.scroller.color.ScrollThumbSkinRed"
110;"assets.button.button_def_ACTIVE_RIGHT"
946;"controls.windowinner.WindowInner_topLeftClass"
601;"assets.button.bigbutton_OFF_CENTER"
947;"alternativa.tanks.gui.AntiAddictionWindow_Watches3Hours"
948;"titanomachina.headers.Headers_battleListEnHeaderClass"
949;"obfuscation.rofa.Vuduvoze"
594;"assets.combo.combo_OVER_LEFT"
950;"alternativa.tanks.gui.device.list.DeviceBorder_bottomClass"
951;"controls.buttons.h30px.GreenMediumButtonSkin_rightDownClass"
551;"assets.resultwindow.bres_BG_GREEN_PIXEL"
952;"alternativa.tanks.model.shop.items.base.GreyShopItemSkin_overStateClass"
600;"assets.button.bigbutton_UP_RIGHT"
565;"ScrollThumb_overSkin"
953;"alternativa.tanks.gui.ItemInfoPanelBitmaps_bitmapEnergyConsumption"
954;"titanomachina.headers.Headers_missionsEnHeaderClass"
322;"controls.TankWindowHeader"
955;"alternativa.tanks.gui.friends.list.renderer.background.FriendOfflineCellSelected_leftIconClass"
624;"assets.stat.hall_NORMAL_ACTIVE"
956;"controls.VKButton_hoveredBitmapVK"
957;"resources.windowheaders.background.BackgroundHeader_shortBackgroundHeaderClass"
958;"titanomachina.headers.Headers_welcomeBackEnHeaderClass"
959;"obfuscation.deb.Loty"
960;"alternativa.tanks.gui.garagelist.GarageList_mountedIconClass"
961;"alternativa.tanks.model.shop.items.newkit.NewKitPackageLigItemIcons_containerIconClass"
527;"assets.cellrenderer.battlelist.cell_normal_SELECTED_RIGHT"
962;"alternativa.tanks.display.usertitle.Zahef"
963;"obfuscation.vylurof.Jukewos"
964;"alternativa.tanks.gui.category.ItemCategoryButton_colorIconClass"
965;"alternativa.tanks.gui.icons.AcceptedIndicator_acceptedIconClass"
966;"controls.windowinner.WindowInner_bottomLeftClass"
511;"assets.scroller.ThumbTop"
967;"alternativa.tanks.view.battlelist.BattleModeCheckBox_pressedStateClass"
968;"alternativa.tanks.gui.ItemInfoPanelBitmaps_bitmapVampireRate"
969;"alternativa.tanks.loader.LoaderTips_coldloadEN7"
970;"obfuscation.coh.DailyQuestItemViewBitmaps_LEFT_TOP_CORNER_BITMAP"
971;"alternativa.tanks.loader.LoaderTips_coldloadEN6"
100;"fl.controls.listClasses.CellRenderer"
972;"alternativa.tanks.loader.LoaderTips_coldloadEN9"
973;"alternativa.tanks.loader.LoaderTips_coldloadEN8"
177;"MainPanelChangeButton"
567;"ScrollArrowUp_upSkin"
31;"assets.button.button_red_DOWN_LEFT"
361;"assets.windowinner.elemets.WindowInnerTopLeftCorner"
974;"alternativa.tanks.gui.friends.list.renderer.background.FriendOfflineCellSelected_rightIconClass"
975;"alternativa.tanks.loader.LoaderWindow2_back"
608;"assets.button.bigbutton_UP_CENTER"
976;"controls.cellrenderer.CellNormal_normalRight"
977;"alternativa.tanks.gui.UpgradeIndicator_m2Class"
978;"alternativa.tanks.display.usertitle.ProgressBarSkin_hpRightBlueCls"
343;"assets.windowinner.bitmaps.WindowInnerBottom"
979;"alternativa.tanks.gui.ItemInfoPanelBitmaps_bitmapHullPower"
980;"controls.VKButton_releaseBitmapVK"
981;"alternativa.tanks.service.achievement.Qemit"
982;"alternativa.tanks.gui.panel.buttons.MainPanelFullscreenButton_activateFullscreenClass"
540;"assets.resultwindow.bres_SELECTED_RED_TL"
983;"obfuscation.jynere.Desa"
984;"alternativa.tanks.view.battlelist.battleitem.renderer.unavailable.CellUnavailableSelected_normalLeft"
985;"alternativa.tanks.view.battlecreate.slider.SelectRankThumbSlider_bitmapArrow"
986;"alternativa.tanks.loader.LoaderWindow_WindowRGBChina"
545;"assets.resultwindow.bres_NORMAL_GREEN_TL"
987;"alternativa.tanks.models.battle.battlefield.ViewportBorder_bmpClassBorderTop"
988;"controls.base.MainPanelClanButtonBase_iconClass"
5;"assets.button.button_blue_UP_RIGHT"
571;"ScrollArrowUp_disabledSkin"
989;"obfuscation.dup.Huduj"
570;"ScrollArrowDown_disabledSkin"
990;"controls.buttons.h50px.GreyBigButtonSkin_rightDownClass"
991;"obfuscation.dup.Loko"
992;"alternativa.tanks.display.usertitle.ProgressBarSkin_hpLeftBgBlueCls"
88;"assets.cellrenderer.battlelist.CellRenderer_selectedDisabledSkin"
993;"alternativa.tanks.models.battle.gui.inventory.HudInventoryIcon_dark2xClass"
870;"alternativa.tanks.gui.notinclan.dialogs.ClanCreateDialog_licenseImageClass"
994;"controls.saleicons.SaleIcons_saleRedLabelClass"
90;"assets.cellrenderer.battlelist.CellRenderer_selectedOverSkin"
16;"assets.button.button_red_UP_LEFT"
483;"assets.icons.play_icons_BLUE"
83;"assets.cellrenderer.battlelist.CellRenderer_upSkin"
20;"assets.button.button_blue_UP_LEFT"
995;"obfuscation.coh.DailyQuestItemViewBitmaps_TOP_LINE_BITMAP"
91;"assets.cellrenderer.battlelist.CellRenderer_selectedUpSkin"
400;"assets.scroller.color.ScrollThumbSkinGreen"
996;"alternativa.tanks.gui.category.ItemCategoryButton_weaponIconClass"
997;"alternativa.tanks.models.battle.gui.gui.statistics.messages.KillMessageOutputLine_mineIconClass"
998;"titanomachina.headers.Headers_bugReportEnHeaderClass"
999;"alternativa.tanks.gui.friends.list.renderer.FriendsAcceptedListRenderer_gradientGreenIconClass"
1000;"controls.scroller.red.ScrollSkinRed_thumbTop"
516;"fl.controls.Button"
573;"ScrollBar_thumbIcon"
1001;"alternativa.tanks.gui.friends.FriendActionIndicator_noIconClass"
364;"assets.windowinner.bitmaps.WindowInnerTop"
1002;"obfuscation.vylurof.Dybo"
11;"assets.button.button_red_UP_CENTER"
1003;"alternativa.tanks.loader.LoaderTips_coldload"
1004;"controls.scroller.red.ScrollSkinRed_trackTop"
1005;"alternativa.tanks.model.shop.items.crystallitem.CrystalPackageItemIcons_crystalsPackage1Class"
327;"assets.window.bitmaps.WindowLeft"
616;"assets.cellrenderer.battlelist.cell_BLUE_LEFT"
1006;"alternativa.tanks.loader.dishonestprogressbar.DishonestProgressBar_bgdRightClass"
1007;"alternativa.tanks.gui.ItemInfoPanelBitmaps_bitmapFireResistance"
537;"assets.resultwindow.bres_SELECTED_BLUE_PIXEL"
596;"assets.combo.combo_DOWN_CENTER"
1008;"obfuscation.rofa.Hadaroq"
1009;"forms.CloseOrBackButton_closeButtonClass"
1010;"controls.scroller.gray.ScrollSkinGray_trackTop"
539;"assets.resultwindow.bres_NORMAL_RED_TL"
1011;"alternativa.tanks.gui.upgrade.UpgradeInfoForm_leftProgressResource"
21;"assets.button.button_def_UP_CENTER"
17;"assets.button.button_def_DOWN_LEFT"
97;"assets.cellrenderer.battlelist.CellRenderer_disabledSelectedUpSkin"
1012;"controls.cellrenderer.CellNormal_normalCenter"
622;"assets.stat.hall_NORMAL"
1013;"alternativa.tanks.model.shop.ShopWindowHeader_crystalsImageClass"
1014;"alternativa.tanks.gui.ItemInfoPanelBitmaps_bitmapArea"
496;"assets.slider.slider_THUMB_RIGHT"
1015;"controls.cellrenderer.CellUnavailable_normalRight"
1016;"obfuscation.dup.Rarutasy"
1017;"alternativa.tanks.model.shop.items.crystallitem.CrystalPackageItemIcons_crystalsPackage4Class"
94;"assets.cellrenderer.battlelist.PadlockIcon"
1018;"alternativa.tanks.models.battle.gui.inventory.HudInventoryIcon_nitroColorIconClass"
1019;"alternativa.tanks.gui.NewReferalWindow_bitmapIconMail"
185;"ScrollTrack_skin"
1020;"controls.GoogleButton_pressedBitmapGoogle"
1021;"alternativa.tanks.gui.icons.CrystalIcon_smallCrystal"
1022;"obfuscation.deb.Lukak"
1023;"obfuscation.dup.Mivafaqem"
560;"ScrollArrowUp_downSkin"
1024;"alternativa.tanks.gui.buttons.color.GoldBigButtonSkin_leftOverClass"
106;"assets.input.InputCenter"
1025;"alternativa.tanks.locale.ru.Image_giftWindow"
8;"assets.button.button_red_DOWN_CENTER"
1026;"titanomachina.headers.Headers_newsRuHeaderClass"
1027;"titanomachina.headers.Headers_settingsEnHeaderClass"
1028;"obfuscation.rofa.Kuqonyq"
1029;"controls.dropdownlist.AccountsBackground_bitmapBG"
524;"assets.cellrenderer.battlelist.cell_off_UP_LEFT"
1030;"obfuscation.vylurof.Fovyta"
13;"assets.button.button_blue_OVER_LEFT"
1031;"alternativa.tanks.display.usertitle.ProgressBarSkin_hpRightBgRedCls"
1032;"controls.scroller.blue.ScrollSkinBlue_trackBottom"
1033;"alternativa.tanks.models.battle.gui.gui.statistics.messages.KillMessageOutputLine_twinsIconClass"
845;"alternativa.tanks.gui.skins.SkinDescription_defaultDeviceIconClass"
1034;"alternativa.tanks.gui.communication.button.TabIcons_newsIconClass"
1035;"alternativa.tanks.gui.frames.GreenFrameSkin_corner_frame"
1036;"alternativa.tanks.gui.NewReferalWindow_bitmapIconCode"
1037;"alternativa.tanks.view.timeleftindicator.GreenTimeLeftIndicator_fullMarkerClass"
145;"MainPanelHelpButton"
614;"assets.resultwindow.items_mini_CENTER"
1038;"alternativa.tanks.models.battle.gui.inventory.HudInventoryIcon_mineGrayIconClass"
1039;"controls.dropdownlist.DeleteIndicator_crossIconClass"
1040;"obfuscation.meruninu.Larawiqot"
1041;"controls.FBButton_hoveredBitmapFB"
1042;"alternativa.tanks.gui.friends.FriendStateButton_ButtonLeft"
1043;"titanomachina.headers.Headers_helpRuHeaderClass"
1044;"alternativa.tanks.gui.device.DeviceButtonSkin_normalStateClass"
1045;"controls.buttons.h30px.GreenMediumButtonSkin_middleUpClass"
701;"alternativa.tanks.gui.Foky"
880;"alternativa.tanks.gui.friends.list.renderer.background.FriendCellSelected_centerIconClass"
15;"assets.button.button_red_OVER_LEFT"
618;"assets.cellrenderer.battlelist.cell_BLUE_RIGHT"
1046;"controls.base.TankBaseButton_ButtonSelected"
1047;"alternativa.tanks.locale.en.Doly"
1048;"alternativa.tanks.gui.icons.Qogiwyt"
1049;"obfuscation.jiw.Dusaz"
1050;"titanomachina.headers.Headers_loginEnHeaderClass"
1051;"alternativa.tanks.gui.buycrystals.BuyCrystalsAlert_plusBitmapClass"
1052;"titanomachina.headers.Headers_chatEnHeaderClass"
186;"fl.controls.ScrollBar"
1053;"alternativa.tanks.gui.ItemInfoPanelBitmaps_bitmapUpgradeTableLeft"
502;"fl.controls.TileList"
103;"assets.input.InputCenterWrong"
1054;"alternativa.tanks.gui.UpgradeIndicator_m1Class"
1055;"alternativa.tanks.gui.notinclan.NotInClanPanel_attractionImageClass"
1056;"alternativa.tanks.gui.device.DeviceButton_lockedIconClass"
23;"assets.button.button_red_UP_RIGHT"
362;"assets.windowinner.bitmaps.WindowInnerLeft"
413;"assets.cellrenderer.battlelist.CellNormalSelected"
1057;"alternativa.tanks.view.battlelist.BattleModeIcons_ctfIconClass"
492;"ScrollArrowDownBlue"
1058;"alternativa.tanks.gui.friends.list.renderer.background.FriendCellSelected_leftIconClass"
1059;"alternativa.tanks.model.shop.bugreport.PaymentBugReportBlock_bitmapError"
513;"assets.scroller.ThumbMiddleGreen"
26;"assets.button.button_blue_UP_CENTER"
562;"ScrollArrowDown_downSkin"
1060;"alternativa.tanks.models.battle.gui.inventory.HudInventoryIcon_armorWhiteIconClass"
1061;"alternativa.tanks.model.shop.items.base.NewbieKitPackageOver"
1062;"alternativa.tanks.view.battlelist.BattleModeIcons_dmIconClass"
1063;"alternativa.tanks.gui.friends.FriendStateButton_ButtonCenter"
1064;"alternativa.tanks.models.battle.gui.inventory.HudInventoryIcon_nitroGrayIconClass"
104;"assets.input.InputRightWrong"
1065;"controls.buttons.H50ButtonSkin_middleClass"
1066;"alternativa.tanks.gui.servers.ServersDropDownList_comboButtonClass"
1067;"alternativa.tanks.gui.ItemInfoPanelBitmaps_bitmapTurretRotationRate"
1068;"alternativa.tanks.gui.error.ErrorForm_IconImage"
476;"assets.icons.BattleInfoIcons"
1069;"controls.dropdownlist.AccountsRenderer_overStyleClass"
1070;"alternativa.tanks.models.battle.gui.inventory.HudInventoryIcon_firstAidBgdClass"
1071;"alternativa.tanks.loader.dishonestprogressbar.DishonestProgressBar_progressLineClass"
1072;"controls.buttons.h50px.GreyBigButtonSkin_middleUpClass"
1073;"alternativa.tanks.view.battlelist.friends.FriendsIndicator_friendsGreyDarkClass"
1074;"obfuscation.dup.Naceroj"
1075;"obfuscation.dup.Jul"
1076;"alternativa.tanks.display.usertitle.ProgressBarSkin_weaponLeftBgCls"
488;"ScrollArrowUpRed"
1077;"alternativa.tanks.gui.category.ItemCategoryButton_inventoryIconClass"
1078;"alternativa.tanks.gui.ItemInfoPanelBitmaps_bitmapHealingRadius"
1079;"alternativa.tanks.gui.ModTable_upgradeSelectionLeftClass"
519;"assets.cellrenderer.battlelist.cell_normal_UP_LEFT"
328;"assets.window.bitmaps.WindowBottom"
1080;"alternativa.tanks.gui.AntiAddictionWindow_Watches5Hours"
1081;"alternativa.tanks.model.shop.items.base.RedShopItemSkin_overStateClass"
333;"assets.window.bitmaps.WindowBGTile"
1082;"controls.panel.UpdateRankNotice_IconCrystalClass"
1083;"forms.ranks.DefaultRanksBitmaps_bitmapBigRank30"
1084;"forms.ranks.DefaultRanksBitmaps_bitmapBigRank31"
1085;"controls.scroller.blue.ScrollSkinBlue_thumbTop"
1086;"alternativa.tanks.view.forms.ChangeUidForm_changeUidBitmapDataClass"
605;"assets.button.bigbutton_OFF_RIGHT"
1087;"alternativa.tanks.model.lootboxes.LootBoxOpenDialog_BgOneLight"
404;"ScrollPane_disabledSkin"
1088;"alternativa.tanks.models.battle.gui.inventory.readytouse.LightPillarEffect_barClass"
1089;"alternativa.tanks.models.battle.gui.gui.statistics.messages.KillMessageOutputLine_shaftIconClass"
498;"assets.slider.slider_TRACK_RIGHT"
1090;"alternativa.tanks.models.battle.gui.inventory.HudInventoryIcon_armorGrayIconClass"
1091;"forms.ranks.DefaultRanksBitmaps_bitmapBigRank23"
1092;"alternativa.tanks.display.usertitle.ProgressBarSkin_hpLeftRedCls"
1093;"forms.ranks.DefaultRanksBitmaps_bitmapBigRank22"
1094;"alternativa.tanks.display.usertitle.EffectIndicator_ultimateCls"
1095;"obfuscation.kysunek.Canud"
1096;"forms.ranks.DefaultRanksBitmaps_bitmapBigRank21"
1097;"forms.ranks.DefaultRanksBitmaps_bitmapBigRank20"
1098;"forms.ranks.DefaultRanksBitmaps_bitmapBigRank27"
1099;"forms.ranks.DefaultRanksBitmaps_bitmapBigRank26"
1100;"forms.ranks.DefaultRanksBitmaps_bitmapBigRank25"
1101;"forms.ranks.DefaultRanksBitmaps_bitmapBigRank24"
1102;"forms.ranks.DefaultRanksBitmaps_bitmapBigRank29"
1103;"forms.ranks.DefaultRanksBitmaps_bitmapBigRank28"
574;"fl.controls.UIScrollBar"
1104;"alternativa.tanks.view.battlelist.battleitem.renderer.full.CellRendererFullUpSelected_cellFullLeft"
1105;"forms.ranks.DefaultRanksBitmaps_bitmapBigRank12"
1106;"forms.ranks.DefaultRanksBitmaps_bitmapBigRank11"
1107;"alternativa.tanks.gui.icons.Ginaq"
1108;"forms.ranks.DefaultRanksBitmaps_bitmapBigRank10"
1109;"titanomachina.headers.Headers_yourTankRuHeaderClass"
1110;"forms.ranks.DefaultRanksBitmaps_bitmapBigRank16"
109;"assets.button.button_def_ACTIVE_CENTER"
1111;"forms.ranks.DefaultRanksBitmaps_bitmapBigRank15"
1112;"forms.ranks.DefaultRanksBitmaps_bitmapBigRank14"
547;"assets.resultwindow.bres_BG_BLUE_TL"
1113;"forms.ranks.DefaultRanksBitmaps_bitmapBigRank13"
1114;"forms.ranks.DefaultRanksBitmaps_bitmapBigRank19"
1115;"forms.ranks.DefaultRanksBitmaps_bitmapBigRank18"
389;"assets.icons.GarageItemBackground"
1116;"forms.ranks.DefaultRanksBitmaps_bitmapBigRank17"
1117;"controls.buttons.h50px.GreyBigButtonSkin_leftUpClass"
1118;"controls.buttons.h30px.GreenMediumButtonSkin_rightOverClass"
1119;"alternativa.tanks.gui.premiumaccount.PremiumAccountIcons_premiumIconForWelcomeAlertClass"
12;"assets.button.button_def_DOWN_RIGHT"
1120;"titanomachina.headers.Headers_hallOfFameRuHeaderClass"
615;"assets.resultwindow.items_mini_RIGHT"
1121;"controls.base.TankBaseButton_Button"
40;"MainPanelCloseButton"
24;"assets.button.button_red_OVER_RIGHT"
1122;"forms.ranks.DefaultRanksBitmaps_bitmapBigRank01"
1123;"forms.ranks.DefaultRanksBitmaps_bitmapBigRank05"
1124;"forms.ranks.DefaultRanksBitmaps_bitmapBigRank04"
1125;"forms.ranks.DefaultRanksBitmaps_bitmapBigRank03"
1126;"alternativa.tanks.view.battlelist.BattleModeIcons_cpIconClass"
1127;"forms.ranks.DefaultRanksBitmaps_bitmapBigRank02"
1128;"forms.ranks.DefaultRanksBitmaps_bitmapBigRank09"
1129;"forms.ranks.DefaultRanksBitmaps_bitmapBigRank08"
1130;"forms.ranks.DefaultRanksBitmaps_bitmapBigRank07"
1131;"forms.ranks.DefaultRanksBitmaps_bitmapBigRank06"
512;"assets.scroller.ThumbTopGreen"
621;"assets.cellrenderer.battlelist.cell_RED_LEFT"
1132;"controls.FBButton_releaseBitmapFB"
1133;"titanomachina.headers.Headers_loginRuHeaderClass"
409;"ScrollArrowUpGreen"
1134;"alternativa.tanks.models.battle.gui.gui.statistics.messages.KillMessageOutputLine_ricochetIconClass"
1135;"alternativa.tanks.model.shop.items.crystallitem.CrystalPackageItemIcons_premiumClass"
1136;"alternativa.tanks.gui.buttons.color.GoldBigButtonSkin_rightUpClass"
1137;"resources.windowheaders.background.BackgroundHeader_verticalBackgroundHeaderClass"
1138;"alternativa.tanks.gui.ItemInfoPanelBitmaps_impactForceClass"
399;"ScrollArrowDownGreen"
548;"assets.resultwindow.bres_BG_RED_PIXEL"
1139;"forms.userlabel.ChatUserLabel_goldStatusIconClass"
1140;"alternativa.tanks.view.battlelist.battleitem.renderer.normal.CellNormalSelected_normalRight"
74;"assets.icons.CheckIcons"
1141;"alternativa.tanks.model.shop.items.base.GreenShopItemSkin_normalStateClass"
1142;"alternativa.init.TanksFontsActivator_MyriadProB"
611;"assets.stat.hall_ARROW"
549;"assets.resultwindow.bres_BG_RED_TL"
1143;"alternativa.tanks.display.usertitle.ProgressBarSkin_hpRightBgBlueCls"
1144;"alternativa.tanks.gui.friends.FriendStateButton_ButtonDownCenter"
325;"assets.window.elemets.WindowTopLeftCorner"
1145;"titanomachina.headers.Headers_systemMessageEnHeaderClass"
477;"assets.icons.play_icons_ALL"
1146;"alternativa.tanks.view.battlelist.forms.NoSubScribeAlert_bitmapBezpripasov"
96;"assets.cellrenderer.battlelist.CellRenderer_disabledDownSkin"
1147;"controls.buttons.h30px.GreenMediumButtonSkin_middleOverClass"
556;"assets.resultwindow.bres_HEADER_BLUE_PIXEL"
591;"assets.combo.combo_OFF_LEFT"
1148;"alternativa.tanks.gui.friends.list.renderer.background.FriendCellSelected_rightIconClass"
1149;"forms.userlabel.ChatUserLabel_silverStatusIconClass"
1150;"alternativa.tanks.sfx.BonusCrystalsEffectUtils_cry1000Texture"
1151;"titanomachina.headers.Headers_battleInfoRuHeaderClass"
1152;"controls.buttons.h30px.H30ButtonSkin_disableLeftClass"
1153;"titanomachina.headers.Headers_battleInfoEnHeaderClass"
1154;"obfuscation.dup.Kynanoby"
1155;"controls.windowinner.WindowInner_leftClass"
1156;"alternativa.tanks.model.lootboxes.LootBoxOpenDialog_BgThreeLight"
557;"assets.resultwindow.bres_HEADER_BLUE_TL"
1157;"obfuscation.deb.Kojec"
602;"assets.button.bigbutton_OFF_LEFT"
1158;"alternativa.tanks.gui.UpgradeIndicator_m0Class"
18;"assets.button.button_def_OVER_RIGHT"
1159;"obfuscation.deb.Risujoton"
1160;"titanomachina.headers.Headers_yourTankEnHeaderClass"
82;"controls.TankWindowInner"
1161;"alternativa.tanks.gui.Dev"
1162;"controls.scroller.green.ScrollSkinGreen_thumbMiddle"
1163;"alternativa.tanks.models.weapon.shaft.Hyg"
1164;"obfuscation.coh.Qemetata"
1165;"obfuscation.dup.Dap"
499;"assets.slider.slider_TRACK_CENTER"
541;"assets.resultwindow.bres_SELECTED_RED_PIXEL"
1166;"alternativa.tanks.loader.LoaderTips_coldloadEN30"
1167;"alternativa.tanks.gui.device.DeviceButtonSkin_overStateClass"
1168;"alternativa.tanks.loader.LoaderTips_coldloadEN34"
1169;"alternativa.tanks.loader.LoaderTips_coldloadEN33"
1170;"alternativa.tanks.loader.LoaderTips_coldloadEN32"
1171;"alternativa.tanks.loader.LoaderTips_coldloadEN31"
1172;"controls.GoogleButton_hoveredBitmapGoogle"
1173;"alternativa.tanks.display.usertitle.EffectIndicator_iconNitroCls"
1174;"obfuscation.dup.Lijy"
57;"assets.icons.InputCheckIcon"
1175;"alternativa.tanks.gui.friends.FriendActionIndicator_yesIconClass"
1176;"alternativa.tanks.gui.ItemInfoPanelBitmaps_aimingImpactForceClass"
590;"assets.combo.combo_OFF_RIGHT"
1095;"alternativa.tanks.gui.ModTable_upgradeSelectionCenterClass"
1177;"titanomachina.headers.Headers_systemMessageRuHeaderClass"
1178;"controls.buttons.h30px.GreenMediumButtonSkin_middleDownClass"
1179;"alternativa.tanks.gui.ItemInfoPanelBitmaps_bitmapRicochetResistance"
1180;"alternativa.init.TanksFontsActivator_MyriadPro"
1181;"alternativa.tanks.models.battle.gui.inventory.HudInventoryIcon_damageGrayIconClass"
1182;"obfuscation.buwati.Sicavequ"
1183;"alternativa.tanks.models.battle.battlefield.ViewportBorder_bmpClassBorderLeft"
1184;"alternativa.tanks.view.timeleftindicator.GreenTimeLeftIndicator_emptyMarkerClass"
25;"assets.button.button_red_OVER_CENTER"
108;"assets.button.button_def_ACTIVE_LEFT"
1185;"alternativa.tanks.loader.stylishdishonestprogressbar.StylishDishonestProgressBar_rightGlowClass"
1186;"alternativa.tanks.gui.ItemInfoPanelBitmaps_selfMedicationPercentClass"
1187;"alternativa.tanks.display.usertitle.EffectIndicator_iconPowerCls"
619;"assets.cellrenderer.battlelist.cell_RED_CENTER"
1188;"alternativa.tanks.model.lootboxes.LootBoxOpenDialog_BgFiveClosed"
1189;"forms.CloseOrBackButton_backButtonClass"
497;"assets.slider.slider_TRACK_LEFT"
1190;"forms.contextmenu.BattleInviteContextMenuLabel_battleInviteClass"
1191;"alternativa.tanks.models.battle.gui.inventory.HudInventoryIcon_darkClass"
411;"assets.cellrenderer.battlelist.CellOffSelected"
1192;"titanomachina.headers.Headers_hallOfFameEnHeaderClass"
1193;"obfuscation.dup.Dumehag"
1194;"controls.cellrenderer.CellUnavailable_normalLeft"
1195;"alternativa.tanks.loader.LoaderTips_coldloadEN12"
405;"ScrollPane_upSkin"
1196;"titanomachina.headers.Headers_chatRuHeaderClass"
1197;"alternativa.tanks.loader.LoaderTips_coldloadEN11"
1198;"alternativa.tanks.loader.LoaderTips_coldloadEN10"
1199;"alternativa.tanks.loader.LoaderTips_coldloadEN16"
1200;"alternativa.tanks.loader.LoaderTips_coldload30"
1201;"controls.scroller.gray.ScrollSkinGray_thumbTop"
1202;"alternativa.tanks.loader.LoaderTips_coldloadEN15"
1203;"alternativa.tanks.loader.LoaderTips_coldload31"
1204;"alternativa.tanks.gui.premiumaccount.PremiumAccountIcons_premiumIconForDonateAlertClass"
1205;"alternativa.tanks.loader.LoaderTips_coldloadEN14"
1206;"alternativa.tanks.loader.LoaderTips_coldloadEN13"
1207;"alternativa.tanks.loader.LoaderTips_coldload34"
1208;"alternativa.tanks.loader.LoaderTips_coldload35"
1209;"alternativa.tanks.loader.LoaderTips_coldloadEN19"
1210;"alternativa.tanks.loader.LoaderTips_coldloadEN18"
1211;"alternativa.tanks.loader.LoaderTips_coldload32"
1212;"alternativa.tanks.loader.LoaderTips_coldloadEN17"
1213;"alternativa.tanks.loader.LoaderTips_coldload33"
1214;"alternativa.tanks.loader.LoaderTips_coldload36"
1215;"alternativa.tanks.locale.ru.Image_addCrystalls"
534;"assets.resultwindow.bres_NORMAL_BLUE_TL"
1216;"alternativa.tanks.gui.device.list.DeviceBorder_topClass"
1217;"alternativa.tanks.model.lootboxes.LootBoxOpenDialog_Mote"
542;"assets.resultwindow.bres_SELECTED_GREEN_PIXEL"
1218;"alternativa.tanks.gui.presents.NewPresentsAlert_bitmapDataClass"
1219;"controls.windowinner.WindowInner_bottomClass"
1220;"alternativa.tanks.view.timeleftindicator.BigWhiteTimeLeftIndicator_fullMarkerClass"
1221;"alternativa.tanks.loader.LoaderTips_coldloadEN23"
1222;"alternativa.tanks.loader.LoaderTips_coldloadEN22"
1223;"alternativa.tanks.loader.LoaderTips_coldloadEN21"
1224;"alternativa.tanks.loader.LoaderTips_coldloadEN20"
1225;"alternativa.tanks.loader.LoaderTips_coldloadEN27"
346;"assets.windowinner.elemets.WindowInnerTopRightCorner"
1226;"alternativa.tanks.loader.LoaderTips_coldload20"
1227;"alternativa.tanks.loader.LoaderTips_coldloadEN26"
1228;"alternativa.tanks.loader.LoaderTips_coldloadEN25"
1229;"alternativa.tanks.loader.LoaderTips_coldloadEN24"
1230;"alternativa.tanks.loader.LoaderTips_coldload23"
1231;"alternativa.tanks.gui.upgrade.UpgradeInfoForm_centerProgressResource"
1232;"alternativa.tanks.gui.NewReferalWindow_bitmapIconLink"
1233;"alternativa.tanks.loader.LoaderTips_coldload24"
1234;"alternativa.tanks.models.battle.gui.gui.statistics.field.score.ctf.Lykihybir"
1235;"alternativa.tanks.loader.LoaderTips_coldload21"
1236;"alternativa.tanks.loader.LoaderTips_coldloadEN29"
490;"ScrollArrowDownRed"
1237;"alternativa.tanks.loader.LoaderTips_coldload22"
1238;"alternativa.tanks.loader.LoaderTips_coldloadEN28"
1239;"alternativa.tanks.loader.LoaderTips_coldload27"
533;"assets.IconAlarm"
1240;"alternativa.tanks.loader.LoaderTips_coldload28"
528;"assets.cellrenderer.battlelist.cell_normal_SELECTED_CENTER"
1241;"alternativa.tanks.models.battle.gui.gui.statistics.messages.KillMessageOutputLine_freezeIconClass"
1242;"alternativa.tanks.loader.LoaderTips_coldload25"
1243;"alternativa.tanks.loader.LoaderTips_coldload26"
1244;"alternativa.tanks.display.usertitle.ProgressBarSkin_barShadowCls"
1245;"alternativa.tanks.loader.LoaderTips_coldload29"
1246;"alternativa.tanks.models.battle.gui.inventory.HudInventoryIcon_bgdClass"
576;"assets.cellrenderer.battlelist.CellRed"
1247;"alternativa.tanks.model.shop.items.crystallitem.CrystalPackageItemIcons_crystalWhiteClass"
485;"assets.scroller.color.ScrollTrackBlue"
1248;"controls.base.TankBaseButton_ButtonDown"
1249;"alternativa.tanks.gui.ItemInfoPanelBitmaps_bitmapHullMass"
1250;"controls.scroller.red.ScrollSkinRed_trackBottom"
14;"assets.button.button_def_UP_RIGHT"
1251;"alternativa.tanks.gui.buttons.color.GoldBigButtonSkin_rightOverClass"
1252;"titanomachina.headers.Headers_congratulationsRuHeaderClass"
825;"controls.chat.BattleChatInput_bitmapNR"
823;"controls.chat.BattleChatInput_bitmapNL"
354;"assets.windowinner.bitmaps.combo_BG"
1253;"alternativa.tanks.display.usertitle.ProgressBarSkin_hpRightDmCls"
1254;"alternativa.tanks.locale.ru.Mokyda"
407;"assets.scroller.color.ScrollTrackGreen"
1255;"controls.cellrenderer.CellUnavailable_normalCenter"
1256;"controls.chat.BattleChatInput_bitmapNC"
95;"assets.cellrenderer.battlelist.CellRenderer_disabledOverSkin"
1257;"alternativa.tanks.gui.ItemInfoPanelBitmaps_backIconClass"
1258;"obfuscation.dup.Cufihuwaj"
412;"assets.cellrenderer.battlelist.CellOffUp"
1259;"forms.ranks.PremiumRankBitmaps_bitmapBigRank30"
1260;"alternativa.tanks.gui.frames.GreenFrameSkin_frame"
1261;"forms.ranks.PremiumRankBitmaps_bitmapBigRank31"
1256;"controls.base.TankInput_centerClass"
1262;"projects.tanks.client.battlefield.models.bonus.battle.bonusregions.BonusRegionResource_goldTextureClass"
342;"assets.windowinner.elemets.WindowInnerBottomLeftCorner"
550;"assets.resultwindow.bres_BG_GREEN_TL"
1263;"alternativa.tanks.display.usertitle.ProgressBarSkin_weaponRightBgCls"
1264;"alternativa.tanks.models.battle.gui.inventory.HudInventoryIcon_firstAidGrayIconClass"
493;"assets.icons.play_icons_RED"
1265;"controls.base.TankBaseButton_ButtonOver"
1266;"alternativa.tanks.models.battle.gui.inventory.HudInventoryIcon_overdriveBg2xClass"
1267;"obfuscation.dup.BattleParamsBattleInfoIcons_matchmakingStampClass"
1268;"alternativa.tanks.display.usertitle.ProgressBarSkin_hpRightRedCls"
1269;"controls.scroller.gray.ScrollSkinGray_track"
1270;"alternativa.tanks.gui.ItemInfoPanelBitmaps_bitmapRateOfFire"
1271;"obfuscation.vylurof.Tucamav"
538;"assets.resultwindow.bres_NORMAL_RED_PIXEL"
1272;"titanomachina.headers.Headers_settingsRuHeaderClass"
598;"assets.button.bigbutton_OVER_LEFT"
101;"assets.input.InputRight"
27;"assets.button.button_def_UP_LEFT"
1273;"alternativa.tanks.models.battle.battlefield.ViewportBorder_bmpClassCorner3"
1274;"alternativa.tanks.models.battle.battlefield.ViewportBorder_bmpClassCorner4"
1275;"alternativa.tanks.models.battle.battlefield.ViewportBorder_bmpClassCorner1"
1276;"alternativa.tanks.models.battle.battlefield.ViewportBorder_bmpClassCorner2"
1277;"controls.FBButton_pressedBitmapFB"
129;"MainPanelConfigButton"
1278;"alternativa.tanks.locale.ru.Image_helpMouseMini"
1279;"alternativa.tanks.model.lootboxes.LootBoxOpenDialog_BgOneClosed"
529;"assets.resultwindow.bres_BG_GRAY_PIXEL"
6;"assets.button.button_blue_DOWN_LEFT"
1280;"controls.VKButton_pressedBitmapVK"
1281;"alternativa.tanks.display.usertitle.ProgressBarSkin_hpLeftBgDmCls"
1282;"obfuscation.dup.Casonon"
582;"assets.scroller.TrackBlue"
1;"controls.DefaultButton"
526;"assets.cellrenderer.battlelist.cell_normal_SELECTED_LEFT"
1283;"alternativa.tanks.models.battle.gui.gui.statistics.messages.KillMessageOutputLine_isisIconClass"
1284;"alternativa.tanks.gui.Ped"
1285;"alternativa.tanks.models.battle.gui.inventory.HudInventoryIcon_armorBgdClass"
125;"MainPanelSoundButton"
1286;"alternativa.tanks.models.battle.gui.gui.statistics.field.score.ctf.Jipesocy"
1287;"titanomachina.headers.Headers_changePasswordRuHeaderClass"
1288;"obfuscation.vylurof.Vyjih"
1289;"controls.chat.BattleChatInput_bitmapRR"
1161;"obfuscation.coh.DailyQuestItemViewBitmaps_BACKGROUND_PIXEL_BITMAP"
1290;"controls.chat.BattleChatInput_bitmapRL"
586;"assets.combo.combo_UP_CENTER"
578;"assets.scroller.ThumbMiddleBlue"
1161;"alternativa.tanks.gui.Zagidikac"
1291;"controls.checkbox.Lepidyf"
495;"assets.slider.slider_THUMB_LEFT"
1292;"controls.chat.BattleChatInput_bitmapRC"
1293;"controls.windowinner.WindowInner_rightClass"
85;"assets.cellrenderer.battlelist.CellRenderer_disabledUpSkin"
1294;"alternativa.tanks.model.lootboxes.LootBoxOpenDialog_Star"
1295;"alternativa.tanks.model.lootboxes.LootBoxOpenDialog_Shine"
1296;"alternativa.tanks.gui.buttons.color.GoldBigButtonSkin_middleUpClass"
105;"assets.input.InputLeftWrong"
1297;"controls.chat.BattleChatInput_bitmapSR"
1298;"obfuscation.jiw.Motomiwyz"
353;"assets.windowinner.elemets.WindowInnerBlink"
1299;"alternativa.tanks.gui.ItemInfoPanelBitmaps_bitmapThunderResistance"
1300;"controls.windowinner.WindowInner_topClass"
1301;"controls.chat.BattleChatInput_bitmapSL"
396;"assets.icons.IconGarageMod"
1302;"controls.scroller.green.ScrollSkinGreen_thumbTop"
331;"assets.window.elemets.WindowTopRightCorner"
1303;"controls.chat.BattleChatInput_bitmapSC"
1304;"controls.scroller.green.ScrollSkinGreen_trackBottom"
613;"assets.resultwindow.items_mini_LEFT"
1305;"controls.friends.RequestCountIndicator_centerIconClass"
1306;"alternativa.tanks.loader.LoaderWindow_WindowRGB"
1307;"alternativa.tanks.gui.buttons.color.GoldBigButtonSkin_middleOverClass"
1308;"titanomachina.headers.Headers_upgradeEnHeaderClass"
1309;"alternativa.tanks.locale.en.Mikavuc"
1310;"obfuscation.coh.DailyQuestItemViewBitmaps_LEFT_BOTTOM_CORNER_BITMAP"
1311;"alternativa.tanks.gui.ItemInfoPanelBitmaps_shaftFireRateClass"
357;"assets.windowinner.elemets.WindowInnerBottomRightCorner"
1312;"controls.scroller.gray.ScrollSkinGray_thumbMiddle"
1313;"alternativa.tanks.gui.ItemInfoPanelBitmaps_bitmapResourceWear"
701;"obfuscation.coh.DailyQuestItemViewBitmaps_LEFT_LINE_BITMAP"
1314;"controls.buttons.h30px.GreenMediumButtonSkin_rightUpClass"
1315;"alternativa.tanks.locale.ru.Image_welcomeBack"
577;"assets.scroller.ThumbTopBlue"
1316;"alternativa.tanks.gui.ItemInfoPanelBitmaps_bitmapTurnSpeed"
593;"assets.combo.combo_OVER_RIGHT"
1317;"obfuscation.vylurof.Bipop"
1318;"alternativa.tanks.gui.servers.ServerBusynessControl_centerFullClass"
1319;"alternativa.tanks.model.shop.items.promo.PromoPackageItem_promoIconClass"
679;"controls.rangicons.RangIconSmall"
30;"assets.button.button_OFF_LEFT"
99;"assets.cellrenderer.battlelist.CellRenderer_disabledSelectedDownSkin"
1320;"alternativa.tanks.model.shop.items.crystallitem.CrystalPackageItemIcons_crystalsPackage2Class"
603;"assets.button.bigbutton_OVER_CENTER"
1321;"obfuscation.deb.Juteguqe"
1322;"alternativa.tanks.models.battle.gui.gui.statistics.messages.KillMessageOutputLine_railgunIconClass"
620;"assets.cellrenderer.battlelist.cell_RED_RIGHT"
137;"MainPanelBattlesButton"
1323;"obfuscation.deb.Ziqilyjen"
1324;"titanomachina.headers.Headers_newsEnHeaderClass"
1325;"alternativa.tanks.model.shop.items.golditem.GoldPackageItemIcons_goldPackage3Class"
461;"assets.cellrenderer.battlelist.Abris"
1326;"alternativa.tanks.gui.servers.ServerBusynessControl_centerEmptyClass"
1327;"alternativa.tanks.loader.dishonestprogressbar.DishonestProgressBar_bgdLeftClass"
149;"MainPanelReferalButton"
1328;"alternativa.tanks.gui.category.ItemCategoryButton_givenPresentsIconClass"
1329;"alternativa.tanks.view.battlelist.battleitem.renderer.unavailable.CellUnavailableSelected_normalRight"
1330;"alternativa.tanks.view.battlelist.friends.FriendsIndicator_friendsGreyClass"
1331;"alternativa.tanks.gui.friends.FriendStateButton_ButtonOverCenter"
1332;"alternativa.tanks.gui.panel.buttons.MainPanelFullscreenButton_deactivateFullscreenClass"
1333;"titanomachina.headers.Headers_helpEnHeaderClass"
1334;"alternativa.tanks.view.battlelist.BattleModeCheckBox_normalStateClass"
1335;"forms.ranks.DefaultRanksBitmaps_bitmapSmallRank31"
1336;"controls.buttons.h30px.H30ButtonSkin_disableMiddleClass"
1337;"forms.ranks.DefaultRanksBitmaps_bitmapSmallRank30"
1338;"alternativa.tanks.view.battlelist.BattleModeCheckBox_overStateClass"
521;"assets.cellrenderer.battlelist.cell_off_SELECTED_LEFT"
1339;"alternativa.tanks.gui.servers.ServerBusynessControl_redCenterClass"
1340;"alternativa.tanks.view.battlelist.battleitem.renderer.unavailable.CellUnavailableSelected_normalCenter"
1341;"controls.checkbox.Hozo"
1342;"controls.buttons.h30px.GreenMediumButtonSkin_leftUpClass"
86;"assets.cellrenderer.battlelist.CellRenderer_downSkin"
509;"controls.StepperButton"
1343;"alternativa.tanks.models.battle.gui.inventory.HudInventoryIcon_borderClass"
1344;"alternativa.tanks.gui.ItemInfoPanelBitmaps_smokyCritClass"
84;"fl.core.ComponentShim"
1345;"alternativa.tanks.gui.panel.buttons.DailyQuestsButton_startIconClass"
1346;"controls.checkbox.Kor"
543;"assets.resultwindow.bres_SELECTED_GREEN_TL"
609;"assets.button.bigbutton_DOWN_RIGHT"
1347;"forms.ranks.DefaultRanksBitmaps_bitmapSmallRank29"
1348;"forms.ranks.DefaultRanksBitmaps_bitmapSmallRank28"
1349;"forms.ranks.DefaultRanksBitmaps_bitmapSmallRank27"
1350;"forms.ranks.DefaultRanksBitmaps_bitmapSmallRank26"
1351;"forms.ranks.DefaultRanksBitmaps_bitmapSmallRank25"
1352;"controls.buttons.h50px.GreyBigButtonSkin_leftDownClass"
1353;"alternativa.tanks.models.battle.gui.inventory.HudInventoryIcon_armorColorIconClass"
1354;"forms.ranks.DefaultRanksBitmaps_bitmapSmallRank24"
1355;"forms.ranks.DefaultRanksBitmaps_bitmapSmallRank23"
1356;"obfuscation.dup.Lasenabin"
1357;"forms.ranks.DefaultRanksBitmaps_bitmapSmallRank22"
1358;"obfuscation.jynere.Juci"
1359;"forms.ranks.DefaultRanksBitmaps_bitmapSmallRank21"
1360;"alternativa.tanks.models.battle.battlefield.ViewportBorder_bmpClassBorderBottom"
1361;"forms.ranks.DefaultRanksBitmaps_bitmapSmallRank20"
1362;"obfuscation.deb.Tajuz"
1363;"alternativa.tanks.gui.friends.FriendStateButton_ButtonOverRight"
1364;"controls.scroller.blue.ScrollSkinBlue_thumbMiddle"
1095;"obfuscation.kysunek.Hinu"
482;"assets.scroller.color.ScrollTrackRed"
1365;"alternativa.tanks.gui.buttons.color.GoldBigButtonSkin_leftDownClass"
1366;"alternativa.tanks.model.shop.items.clanitem.ClanPackageItemIcons_clanIconClass"
1367;"obfuscation.dup.Mewarago"
606;"assets.button.bigbutton_UP_LEFT"
1368;"alternativa.tanks.model.shop.items.base.GreenShopItemSkin_overStateClass"
514;"assets.scroller.TrackPNG"
1369;"alternativa.tanks.loader.dishonestprogressbar.DishonestProgressBar_bgdCenterClass"
1370;"forms.ranks.DefaultRanksBitmaps_bitmapSmallRank19"
32;"assets.button.button_OFF_RIGHT"
1371;"forms.ranks.DefaultRanksBitmaps_bitmapSmallRank18"
1372;"forms.ranks.DefaultRanksBitmaps_bitmapSmallRank17"
1373;"forms.ranks.DefaultRanksBitmaps_bitmapSmallRank16"
1374;"forms.ranks.DefaultRanksBitmaps_bitmapSmallRank15"
1375;"forms.ranks.DefaultRanksBitmaps_bitmapSmallRank14"
1376;"forms.ranks.DefaultRanksBitmaps_bitmapSmallRank13"
1377;"forms.ranks.DefaultRanksBitmaps_bitmapSmallRank12"
1378;"forms.ranks.PremiumRankBitmaps_bitmapBigRank01"
1379;"forms.ranks.DefaultRanksBitmaps_bitmapSmallRank11"
544;"assets.resultwindow.bres_NORMAL_GREEN_PIXEL"
1380;"forms.ranks.PremiumRankBitmaps_bitmapBigRank02"
1381;"forms.ranks.DefaultRanksBitmaps_bitmapSmallRank10"
22;"assets.button.button_red_DOWN_RIGHT"
1382;"controls.buttons.h30px.H30ButtonSkin_disableRightClass"
1383;"forms.ranks.PremiumRankBitmaps_bitmapBigRank07"
510;"assets.scroller.ThumbMiddle"
1384;"forms.ranks.PremiumRankBitmaps_bitmapBigRank08"
1385;"alternativa.tanks.gui.category.ItemCategoryButton_specialIconClass"
1386;"forms.ranks.PremiumRankBitmaps_bitmapBigRank09"
1387;"forms.ranks.PremiumRankBitmaps_bitmapBigRank03"
1388;"forms.ranks.PremiumRankBitmaps_bitmapBigRank04"
1389;"controls.scroller.blue.ScrollSkinBlue_trackTop"
1390;"forms.ranks.PremiumRankBitmaps_bitmapBigRank05"
1391;"forms.ranks.PremiumRankBitmaps_bitmapBigRank06"
1392;"alternativa.tanks.models.battle.gui.inventory.readytouse.LightPillarEffect_topClass"
1393;"alternativa.tanks.loader.LoaderTips_coldloadEN"
448;"controls.InventoryIcon"
1394;"obfuscation.dup.Zyzyf"
1395;"alternativa.tanks.models.battle.gui.inventory.HudInventoryIcon_goldColorIconClass"
1396;"forms.ranks.DefaultRanksBitmaps_bitmapSmallRank09"
1397;"forms.ranks.DefaultRanksBitmaps_bitmapSmallRank08"
1398;"forms.ranks.DefaultRanksBitmaps_bitmapSmallRank07"
1399;"alternativa.tanks.model.shop.items.base.GreyShopItemSkin_normalStateClass"
1400;"forms.ranks.DefaultRanksBitmaps_bitmapSmallRank06"
1401;"forms.ranks.DefaultRanksBitmaps_bitmapSmallRank05"
1402;"forms.ranks.DefaultRanksBitmaps_bitmapSmallRank04"
1403;"forms.ranks.DefaultRanksBitmaps_bitmapSmallRank03"
1404;"forms.ranks.DefaultRanksBitmaps_bitmapSmallRank02"
1405;"forms.ranks.DefaultRanksBitmaps_bitmapSmallRank01"
1406;"controls.buttons.h50px.GreyBigButtonSkin_middleOverClass"
1407;"alternativa.tanks.gui.ItemInfoPanelBitmaps_firebirdClass"
1408;"alternativa.tanks.gui.servers.ServerBusynessControl_leftFullClass"
1409;"alternativa.tanks.display.usertitle.ProgressBarSkin_hpRightBgDmCls"
1410;"alternativa.tanks.models.battle.gui.inventory.HudInventoryIcon_firstAidWhiteIconClass"
1411;"forms.ranks.PremiumRankBitmaps_bitmapBigRank21"
1412;"forms.ranks.PremiumRankBitmaps_bitmapBigRank22"
1413;"forms.ranks.PremiumRankBitmaps_bitmapBigRank23"
1414;"forms.ranks.PremiumRankBitmaps_bitmapBigRank24"
1415;"alternativa.tanks.gui.friends.FriendStateButton_ButtonOverLeft"
1416;"obfuscation.deb.Jyvu"
1417;"alternativa.tanks.models.battle.gui.inventory.HudInventoryIcon_lockClass"
1418;"forms.ranks.PremiumRankBitmaps_bitmapBigRank20"
1419;"forms.ranks.PremiumRankBitmaps_bitmapBigRank29"
1420;"forms.ranks.PremiumRankBitmaps_bitmapBigRank25"
1421;"forms.ranks.PremiumRankBitmaps_bitmapBigRank26"
1422;"forms.userlabel.ChatUserLabel_cmStatusIconClass"
1423;"forms.ranks.PremiumRankBitmaps_bitmapBigRank27"
522;"assets.cellrenderer.battlelist.cell_off_SELECTED_RIGHT"
1424;"forms.ranks.PremiumRankBitmaps_bitmapBigRank28"
81;"controls.TankCheckBox"
1425;"titanomachina.headers.Headers_registerRuHeaderClass"
1426;"alternativa.tanks.view.battlelist.friends.FriendsIndicator_friendsGreenDarkClass"
10;"assets.button.button_def_OVER_LEFT"
1427;"controls.friends.NewRequestIndicator_attentionIconClass"
1428;"controls.dropdownlist.DPLBackground_bitmapBG"
1429;"forms.ranks.PremiumRankBitmaps_bitmapBigRank10"
1430;"forms.ranks.PremiumRankBitmaps_bitmapBigRank11"
1431;"forms.ranks.PremiumRankBitmaps_bitmapBigRank12"
1432;"forms.ranks.PremiumRankBitmaps_bitmapBigRank13"
1433;"alternativa.tanks.models.battle.gui.indicators.TurnOverIndicator_turnOverIconClass"
1434;"alternativa.tanks.gui.ItemInfoPanelBitmaps_percentClass"
1435;"forms.ranks.PremiumRankBitmaps_bitmapBigRank18"
1436;"controls.buttons.h50px.GreyBigButtonSkin_rightOverClass"
1437;"forms.ranks.PremiumRankBitmaps_bitmapBigRank19"
525;"assets.cellrenderer.battlelist.cell_off_UP_CENTER"
1438;"forms.ranks.PremiumRankBitmaps_bitmapBigRank14"
1439;"alternativa.tanks.gui.category.ItemCategoryButton_resistanceIconClass"
1440;"forms.ranks.PremiumRankBitmaps_bitmapBigRank15"
1441;"forms.ranks.PremiumRankBitmaps_bitmapBigRank16"
1442;"forms.ranks.PremiumRankBitmaps_bitmapBigRank17"
1443;"alternativa.tanks.gui.category.ItemCategoryButton_armorIconClass"
1444;"alternativa.tanks.display.usertitle.ProgressBarSkin_barShadowRightCls"
1445;"alternativa.tanks.view.timeleftindicator.BigWhiteTimeLeftIndicator_emptyMarkerClass"
1446;"alternativa.tanks.loader.dishonestprogressbar.DishonestProgressBar_blickClass"
1447;"titanomachina.headers.Headers_battleListRuHeaderClass"
1448;"obfuscation.vylurof.Bot"
0;"Game"
